,Date,Open,High,Low,Close,Volume,Market Cap,Circulating Supply
0,2021-12-03,1.89,1.94,1.71,1.74,479972708.0,10965084743.0,6301772840.0
1,2021-12-02,1.96,2.04,1.85,1.88,636253482.0,11842120117.0,6299000062.0
2,2021-12-01,1.81,2.02,1.8,1.97,786558602.0,12372006583.0,6280206387.0
3,2021-11-30,1.77,1.87,1.74,1.81,511222408.0,11400945923.0,6298865150.0
4,2021-11-29,1.71,1.83,1.7,1.78,454280625.0,11165520246.0,6272764183.0
5,2021-11-28,1.68,1.71,1.58,1.71,339904708.0,10727728300.0,6273525321.0
6,2021-11-27,1.6,1.73,1.6,1.68,392327404.0,10515162939.0,6259025558.0
7,2021-11-26,1.82,1.82,1.59,1.6,572227584.0,10003099336.0,6251937085.0
8,2021-11-25,1.74,1.84,1.72,1.75,424162726.0,10976085009.0,6272048576.0
9,2021-11-24,1.84,1.87,1.72,1.79,481534594.0,11201974850.0,6258086508.0
10,2021-11-23,1.74,1.85,1.7,1.83,467341509.0,11471896138.0,6268795703.0
11,2021-11-22,1.83,1.84,1.72,1.74,453625871.0,10858840943.0,6240713185.0
12,2021-11-21,1.84,1.89,1.78,1.83,441289829.0,11471801719.0,6268744108.0
13,2021-11-20,1.88,1.9,1.76,1.84,458989518.0,11485067347.0,6241884427.0
14,2021-11-19,1.85,1.91,1.75,1.88,977648884.0,11758772537.0,6254666243.0
15,2021-11-18,1.66,2.83,1.65,1.85,4203183528.0,11541141193.0,6238454698.0
16,2021-11-17,1.73,1.76,1.6,1.66,579988526.0,10382974367.0,6254803835.0
17,2021-11-16,1.89,1.89,1.57,1.73,787276524.0,10803503322.0,6244799608.0
18,2021-11-15,1.98,2.01,1.86,1.89,469597579.0,11810397843.0,6248887747.0
19,2021-11-14,2.08,2.11,1.92,1.98,466084928.0,12393145880.0,6259164585.0
20,2021-11-13,2.15,2.16,2.04,2.08,684136646.0,13012804046.0,6256155791.0
21,2021-11-12,2.02,2.34,2.0,2.15,1695116317.0,13427832344.0,6245503415.0
22,2021-11-11,1.94,2.06,1.88,2.03,726397489.0,12681941071.0,6247261611.0
23,2021-11-10,1.95,2.29,1.84,1.93,1096601258.0,12076496777.0,6257252216.0
24,2021-11-09,2.05,2.06,1.93,1.94,430282326.0,12134933699.0,6255120463.0
25,2021-11-08,1.87,2.08,1.84,2.05,598547948.0,12798827748.0,6243330608.0
26,2021-11-07,1.84,1.87,1.82,1.87,189001016.0,11623383271.0,6215712979.0
27,2021-11-06,1.85,1.87,1.78,1.84,215086025.0,11443973077.0,6219550585.0
28,2021-11-05,1.86,1.91,1.83,1.85,257097471.0,11494485779.0,6213235556.0
29,2021-11-04,1.93,1.96,1.82,1.86,360452517.0,11559504015.0,6214787104.0
30,2021-11-03,1.86,1.97,1.83,1.93,466342620.0,11964835569.0,6199396667.0
31,2021-11-02,1.83,1.91,1.83,1.86,310956867.0,11553837842.0,6211740775.0
32,2021-11-01,1.83,1.87,1.78,1.83,285592980.0,11377624521.0,6217281159.0
33,2021-10-31,1.82,1.86,1.76,1.83,291738506.0,11326966160.0,6189598994.0
34,2021-10-30,1.88,1.88,1.79,1.82,258239743.0,11269488695.0,6192026755.0
35,2021-10-29,1.85,1.91,1.84,1.87,392802835.0,11582825905.0,6194024548.0
36,2021-10-28,1.79,1.88,1.76,1.85,504296756.0,11426150540.0,6176297589.0
37,2021-10-27,2.04,2.09,1.71,1.79,726406070.0,11049278472.0,6172781269.0
38,2021-10-26,2.05,2.1,1.95,2.04,632762093.0,12586640619.0,6169921872.0
39,2021-10-25,1.82,2.07,1.81,2.04,549366780.0,12583727577.0,6168493910.0
40,2021-10-24,1.91,1.92,1.78,1.82,265679600.0,11182821502.0,6144407418.0
41,2021-10-23,1.86,1.94,1.85,1.91,343212664.0,11757311279.0,6155660355.0
42,2021-10-22,1.78,1.94,1.77,1.86,534119389.0,11436654370.0,6148738908.0
43,2021-10-21,1.79,1.88,1.76,1.78,438671617.0,10961464886.0,6158126340.0
44,2021-10-20,1.71,1.82,1.69,1.79,274389721.0,10997689539.0,6143960636.0
45,2021-10-19,1.74,1.77,1.69,1.71,221010508.0,10520507888.0,6152343794.0
46,2021-10-18,1.77,1.79,1.72,1.74,212462805.0,10676455876.0,6135894181.0
47,2021-10-17,1.8,1.89,1.73,1.77,363795236.0,10867962013.0,6140091532.0
48,2021-10-16,1.75,1.85,1.74,1.8,353041362.0,11042524272.0,6134735706.0
49,2021-10-15,1.81,1.81,1.73,1.75,327662647.0,10771854179.0,6155345245.0
50,2021-10-14,1.84,1.88,1.78,1.8,337223002.0,11085107958.0,6158393310.0
51,2021-10-13,1.75,1.84,1.69,1.84,356995291.0,11295782814.0,6139012398.0
52,2021-10-12,1.72,1.75,1.61,1.74,411949621.0,10718231380.0,6159903091.0
53,2021-10-11,1.77,1.83,1.68,1.72,307108559.0,10548707234.0,6132969322.0
54,2021-10-10,1.89,1.89,1.76,1.77,276716327.0,10878525011.0,6146059328.0
55,2021-10-09,1.9,1.95,1.87,1.89,327236003.0,11608159536.0,6141883352.0
56,2021-10-08,1.89,2.0,1.88,1.9,596084288.0,11660005320.0,6136844905.0
57,2021-10-07,1.82,1.93,1.75,1.89,641358610.0,11589759866.0,6132148077.0
58,2021-10-06,1.95,1.99,1.79,1.82,686265672.0,11166215861.0,6135283440.0
59,2021-10-05,1.94,2.06,1.92,1.95,633197149.0,11986371629.0,6146857245.0
60,2021-10-04,1.98,2.09,1.89,1.93,1167834065.0,11853017238.0,6141459708.0
61,2021-10-03,1.77,2.0,1.73,1.99,827903086.0,12128198714.0,6094572218.0
62,2021-10-02,1.77,1.88,1.71,1.78,602938373.0,10792861252.0,6063405197.0
63,2021-10-01,1.63,1.81,1.6,1.77,624507474.0,10722163284.0,6057719369.0
64,2021-09-30,1.61,1.66,1.57,1.63,490314234.0,9801705834.0,6013316462.0
65,2021-09-29,1.57,1.75,1.55,1.61,535584347.0,9607090051.0,5967136677.0
66,2021-09-28,1.68,1.72,1.55,1.56,535757746.0,9308076878.0,5966715947.0
67,2021-09-27,1.78,1.85,1.67,1.67,667754720.0,9926989624.0,5944305164.0
68,2021-09-26,1.73,1.78,1.57,1.77,565724981.0,10457738363.0,5908326758.0
69,2021-09-25,1.79,1.81,1.7,1.73,502973449.0,10123376203.0,5851662545.0
70,2021-09-24,2.0,2.01,1.7,1.79,883429431.0,10353556236.0,5784109629.0
71,2021-09-23,1.85,2.05,1.79,2.01,904383367.0,11468319100.0,5705631393.0
72,2021-09-22,1.57,1.89,1.55,1.84,794461325.0,10439917419.0,5673868162.0
73,2021-09-21,1.67,1.82,1.53,1.57,837282638.0,8876192737.0,5653625947.0
74,2021-09-20,1.97,1.98,1.55,1.65,1094994134.0,9112459588.0,5522702780.0
75,2021-09-19,2.07,2.15,1.94,1.97,745020454.0,10775638051.0,5469867030.0
76,2021-09-18,1.92,2.13,1.9,2.07,811391354.0,11160887286.0,5391732988.0
77,2021-09-17,2.04,2.16,1.9,1.92,893672200.0,10205741871.0,5315490557.0
78,2021-09-16,2.01,2.22,1.87,2.04,1313291453.0,10695525767.0,5242904787.0
79,2021-09-15,2.04,2.09,2.0,2.02,727448265.0,10570261960.0,5232802950.0
80,2021-09-14,2.16,2.25,1.99,2.04,1149444799.0,10665872972.0,5228369103.0
81,2021-09-13,2.38,2.54,1.98,2.16,2298346470.0,11290785001.0,5227215278.0
82,2021-09-12,1.99,2.47,1.91,2.38,2164056922.0,12451347220.0,5231658495.0
83,2021-09-11,2.01,2.28,1.97,1.98,1798923049.0,10378486017.0,5241659604.0
84,2021-09-10,2.3,2.43,1.85,2.0,2596891056.0,10477526502.0,5238763251.0
85,2021-09-09,1.95,2.48,1.68,2.31,4812069645.0,12081997051.0,5230301753.0
86,2021-09-08,1.27,1.96,1.23,1.92,3367355549.0,10049576591.0,5234154474.0
87,2021-09-07,1.46,1.52,1.04,1.27,751895689.0,4463463711.0,3514538355.0
88,2021-09-06,1.31,1.49,1.3,1.47,563500077.0,5172563512.0,3518750688.0
89,2021-09-05,1.21,1.35,1.18,1.32,347343446.0,4637942690.0,3513592946.0
90,2021-09-04,1.22,1.24,1.19,1.21,259993218.0,4252364413.0,3514350754.0
91,2021-09-03,1.15,1.27,1.11,1.22,385617547.0,4297564358.0,3522593736.0
92,2021-09-02,1.16,1.18,1.13,1.15,184582918.0,4026912873.0,3501663367.0
93,2021-09-01,1.12,1.18,1.08,1.16,304393969.0,4067568847.0,3506524868.0
94,2021-08-31,1.02,1.17,1.0,1.12,374694037.0,3864884111.0,3450789384.0
95,2021-08-30,1.02,1.09,0.9788,1.02,203189086.0,3524562576.0,3455453505.0
96,2021-08-29,1.04,1.07,1.0,1.02,138083109.0,3527928806.0,3458753731.0
97,2021-08-28,1.07,1.07,1.02,1.04,139083948.0,3579621041.0,3441943308.0
98,2021-08-27,0.9906,1.07,0.9617,1.07,171164127.0,3676287251.0,3435782477.0
99,2021-08-26,1.07,1.08,0.9753,0.99,170261170.0,3415696871.0,3450198859.0
100,2021-08-25,1.04,1.08,1.0,1.06,206911229.0,3660731924.0,3453520683.0
101,2021-08-24,1.16,1.16,1.02,1.04,252498295.0,3571842132.0,3434463588.0
102,2021-08-23,1.16,1.19,1.11,1.16,203668605.0,3984206285.0,3434660590.0
103,2021-08-22,1.15,1.24,1.12,1.16,267624428.0,3784699013.0,3262671562.0
104,2021-08-21,1.14,1.22,1.09,1.15,358551641.0,3748531521.0,3259592626.0
105,2021-08-20,1.04,1.15,1.04,1.14,366283170.0,3719282640.0,3262528631.0
106,2021-08-19,0.9226,1.07,0.9134,1.04,369264543.0,3405468068.0,3274488526.0
107,2021-08-18,0.8838,0.9628,0.8558,0.9248,174784912.0,3014359570.0,3259471853.0
108,2021-08-17,0.9455,0.9927,0.8815,0.8847,190876154.0,2882801466.0,3258507365.0
109,2021-08-16,0.9958,1.03,0.9378,0.9494,197756775.0,3092549908.0,3257372980.0
110,2021-08-15,0.9326,1.02,0.9259,0.9965,210688257.0,3238964470.0,3250340662.0
111,2021-08-14,0.9548,0.979,0.9143,0.9322,179265801.0,3029250644.0,3249571598.0
112,2021-08-13,0.8849,0.9561,0.8722,0.9546,158827250.0,3101166318.0,3248655267.0
113,2021-08-12,0.9123,0.9654,0.8554,0.8829,189841237.0,2855740438.0,3234500439.0
114,2021-08-11,0.8832,0.9703,0.8784,0.9122,197509572.0,2949486608.0,3233377119.0
115,2021-08-10,0.8568,0.909,0.8389,0.8827,120886357.0,2853067826.0,3232205535.0
116,2021-08-09,0.8251,0.8708,0.8047,0.8554,94570598.0,2719012584.0,3178644592.0
117,2021-08-08,0.8763,0.8854,0.8177,0.8254,98505146.0,2622881792.0,3177709949.0
118,2021-08-07,0.855,0.8946,0.8467,0.8755,135880825.0,2781157152.0,3176650087.0
119,2021-08-06,0.8508,0.8691,0.8233,0.854,84440081.0,2712089168.0,3175748440.0
120,2021-08-05,0.8286,0.8595,0.8139,0.8513,81805489.0,2702544225.0,3174608510.0
121,2021-08-04,0.8189,0.8409,0.8026,0.8278,65385450.0,2627154508.0,3173658502.0
122,2021-08-03,0.8179,0.8366,0.7909,0.8168,60751767.0,2591392129.0,3172615241.0
123,2021-08-02,0.8128,0.84,0.8016,0.8178,60873000.0,2589365153.0,3166257218.0
124,2021-08-01,0.8374,0.8767,0.8036,0.8141,83887687.0,2580965809.0,3170330191.0
125,2021-07-31,0.8532,0.855,0.8222,0.8412,73099269.0,2666076749.0,3169373215.0
126,2021-07-30,0.8464,0.8541,0.8099,0.8529,69711314.0,2700595716.0,3166368526.0
127,2021-07-29,0.846,0.8548,0.826,0.8455,51426799.0,2676801022.0,3165938523.0
128,2021-07-28,0.8571,0.8714,0.829,0.8424,69584465.0,2666124507.0,3164915131.0
129,2021-07-27,0.8487,0.8714,0.819,0.8542,74703385.0,2702659875.0,3163966137.0
130,2021-07-26,0.8903,0.9331,0.8409,0.8508,144363816.0,2677598705.0,3147154096.0
131,2021-07-25,0.8272,0.9065,0.7967,0.89,104461200.0,2800299573.0,3146404014.0
132,2021-07-24,0.8075,0.8466,0.8047,0.8288,63918498.0,2606834544.0,3145311949.0
133,2021-07-23,0.7963,0.8156,0.772,0.808,59929789.0,2531613561.0,3133185100.0
134,2021-07-22,0.7687,0.7994,0.755,0.7973,69932093.0,2497475480.0,3132416254.0
135,2021-07-21,0.6956,0.7823,0.6823,0.7656,72874105.0,2394640750.0,3127796172.0
136,2021-07-20,0.7498,0.7646,0.6778,0.6972,101517725.0,2180040950.0,3126851620.0
137,2021-07-19,0.7992,0.8071,0.7476,0.7493,57986028.0,2344987045.0,3129570325.0
138,2021-07-18,0.7848,0.8136,0.7758,0.7999,50135048.0,2502750779.0,3128829577.0
139,2021-07-17,0.7839,0.8061,0.7741,0.7847,58948770.0,2454366999.0,3127777493.0
140,2021-07-16,0.8338,0.8509,0.7751,0.785,75971455.0,2454543870.0,3126807477.0
141,2021-07-15,0.8588,0.8791,0.8204,0.8312,61935014.0,2598238229.0,3125888148.0
142,2021-07-14,0.8748,0.8805,0.8242,0.8588,68797018.0,2683547976.0,3124764760.0
143,2021-07-13,0.8686,0.8973,0.8495,0.8739,61289195.0,2727716869.0,3121314645.0
144,2021-07-12,0.8928,0.9042,0.8512,0.8701,58111585.0,2715217316.0,3120580756.0
145,2021-07-11,0.8925,0.9191,0.8857,0.8924,55878459.0,2783901284.0,3119566656.0
146,2021-07-10,0.9057,0.9217,0.8696,0.8919,58773601.0,2781393141.0,3118503353.0
147,2021-07-09,0.8669,0.9304,0.8289,0.9052,109740119.0,2820232927.0,3115590948.0
148,2021-07-08,0.9068,0.9072,0.848,0.8693,74399983.0,2707443969.0,3114510490.0
149,2021-07-07,0.9128,0.94,0.9029,0.9051,74920879.0,2817854131.0,3113306961.0
150,2021-07-06,0.8741,0.9319,0.8727,0.914,88777773.0,2844666588.0,3112326682.0
151,2021-07-05,0.8804,0.892,0.8429,0.8743,72739472.0,2720231760.0,3111325357.0
152,2021-07-04,0.877,0.9124,0.8579,0.8798,64314668.0,2736716070.0,3110611582.0
153,2021-07-03,0.8464,0.885,0.8365,0.8766,63127362.0,2725846648.0,3109567246.0
154,2021-07-02,0.835,0.8466,0.8015,0.8463,74731232.0,2630656913.0,3108421260.0
155,2021-07-01,0.8823,0.8823,0.8127,0.8385,131847576.0,2602500826.0,3103757693.0
156,2021-06-30,0.8884,0.9094,0.8356,0.8824,110681793.0,2733017011.0,3097254092.0
157,2021-06-29,0.8425,0.9242,0.8405,0.885,117959912.0,2740183607.0,3096252663.0
158,2021-06-28,0.8348,0.8638,0.8234,0.8405,101244529.0,2601592963.0,3095292044.0
159,2021-06-27,0.8106,0.8401,0.7742,0.835,107192864.0,2583661870.0,3094205832.0
160,2021-06-26,0.7944,0.8247,0.7627,0.8097,110721191.0,2504693397.0,3093359759.0
161,2021-06-25,0.8738,0.8982,0.7803,0.7968,131160750.0,2464054009.0,3092437260.0
162,2021-06-24,0.8334,0.8944,0.7979,0.8716,108344761.0,2694568433.0,3091519542.0
163,2021-06-23,0.7424,0.8704,0.7156,0.833,180063286.0,2574288537.0,3090382397.0
164,2021-06-22,0.7544,0.8503,0.6744,0.7433,255594309.0,2296201585.0,3089198957.0
165,2021-06-21,0.9342,0.9412,0.7536,0.755,182298195.0,2331722259.0,3088373852.0
166,2021-06-20,0.9379,0.9521,0.8792,0.936,109046816.0,2889849790.0,3087446356.0
167,2021-06-19,0.992,0.9932,0.9367,0.9404,100230103.0,2902496360.0,3086448702.0
168,2021-06-18,1.06,1.09,0.9621,0.985,130207925.0,3039260459.0,3085543613.0
169,2021-06-17,1.02,1.08,1.01,1.07,127908053.0,3285216373.0,3070295675.0
170,2021-06-16,1.03,1.06,0.9999,1.02,119611912.0,3132089113.0,3070675600.0
171,2021-06-15,1.07,1.09,1.03,1.07,148619890.0,3299226506.0,3083389257.0
172,2021-06-14,1.04,1.1,1.03,1.09,149481412.0,3344343539.0,3068205081.0
173,2021-06-13,0.9892,1.07,0.9658,1.04,136521765.0,3203634963.0,3080418233.0
174,2021-06-12,0.9734,1.01,0.912,0.9861,159921893.0,3035084222.0,3077866567.0
175,2021-06-11,1.05,1.08,0.9582,0.9712,255879712.0,2988217000.0,3076829695.0
176,2021-06-10,1.04,1.05,0.9766,1.04,222571007.0,3205626045.0,3082332735.0
177,2021-06-09,0.9406,1.14,0.9096,1.05,418558065.0,3212696515.0,3059710966.0
178,2021-06-08,0.9629,0.9759,0.8594,0.9434,196320510.0,2895266533.0,3068970249.0
179,2021-06-07,1.03,1.09,0.9505,0.9553,146431918.0,2930596552.0,3067723806.0
180,2021-06-06,0.9767,1.03,0.9651,1.02,96681126.0,3143272023.0,3081639238.0
181,2021-06-05,1.03,1.09,0.954,0.9766,166177746.0,2994197273.0,3065940275.0
182,2021-06-04,1.11,1.13,0.975,1.03,212802161.0,3153126483.0,3061287847.0
183,2021-06-03,1.02,1.15,1.01,1.11,261940947.0,3399610869.0,3062712494.0
184,2021-06-02,0.8956,1.07,0.8739,1.02,227605338.0,3117828709.0,3056694812.0
185,2021-06-01,0.9363,0.9515,0.8782,0.8947,133679913.0,2738590945.0,3060904152.0
186,2021-05-31,0.849,0.9385,0.8155,0.9376,153097289.0,2869030825.0,3059973149.0
187,2021-05-30,0.8297,0.8911,0.783,0.8502,129345362.0,2600265476.0,3058416226.0
188,2021-05-29,0.8991,0.9303,0.7921,0.8294,154815885.0,2536364367.0,3058071337.0
189,2021-05-28,0.9721,0.986,0.8484,0.8987,208004226.0,2747345393.0,3057021690.0
190,2021-05-27,1.02,1.03,0.9386,0.9688,176319855.0,2960025764.0,3055352770.0
191,2021-05-26,0.9766,1.06,0.9559,1.02,239788448.0,3127906537.0,3066575036.0
192,2021-05-25,0.9792,1.02,0.8712,0.9764,275502086.0,2980989658.0,3053041435.0
193,2021-05-24,0.8201,1.0,0.8056,0.9779,279993645.0,2984763481.0,3052217487.0
194,2021-05-23,0.9757,1.04,0.6803,0.8259,400419290.0,2520038976.0,3051264046.0
195,2021-05-22,0.9807,1.01,0.8606,0.9745,279484690.0,2972597268.0,3050382009.0
196,2021-05-21,1.11,1.15,0.849,0.981,373908985.0,2987415840.0,3045276085.0
197,2021-05-20,0.9348,1.12,0.8423,1.11,500925682.0,3388760745.0,3052937608.0
198,2021-05-19,1.37,1.39,0.7814,0.9435,745296374.0,2871347491.0,3043293578.0
199,2021-05-18,1.28,1.39,1.26,1.37,283640580.0,4155884396.0,3033492259.0
200,2021-05-17,1.4,1.41,1.26,1.29,599008623.0,3909283990.0,3030452705.0
201,2021-05-16,1.38,1.54,1.34,1.4,777139501.0,4257202551.0,3040858965.0
202,2021-05-15,1.48,1.53,1.37,1.38,854335171.0,4206161969.0,3047943455.0
203,2021-05-14,1.35,1.49,1.32,1.47,630774902.0,4462900564.0,3035986778.0
204,2021-05-13,1.27,1.45,1.21,1.35,725615046.0,4103632601.0,3039727852.0
205,2021-05-12,1.47,1.5,1.25,1.25,321798109.0,3793889928.0,3035111942.0
206,2021-05-11,1.37,1.48,1.33,1.48,287839468.0,4475958248.0,3024296113.0
207,2021-05-10,1.51,1.56,1.31,1.37,335009174.0,4148197725.0,3027881551.0
208,2021-05-09,1.52,1.53,1.43,1.51,279087115.0,4563162009.0,3021961595.0
209,2021-05-08,1.58,1.62,1.5,1.52,290214257.0,4537677095.0,2985313878.0
210,2021-05-07,1.54,1.69,1.47,1.58,573059771.0,4721931689.0,2988564360.0
211,2021-05-06,1.44,1.58,1.42,1.54,517403025.0,4589474754.0,2980178411.0
212,2021-05-05,1.27,1.45,1.26,1.44,275685656.0,4285313650.0,2975912256.0
213,2021-05-04,1.44,1.44,1.27,1.28,319723013.0,3796698359.0,2966170592.0
214,2021-05-03,1.39,1.47,1.39,1.44,240185093.0,4249177220.0,2950817513.0
215,2021-05-02,1.39,1.41,1.33,1.39,212251509.0,4101308843.0,2950581901.0
216,2021-05-01,1.4,1.42,1.35,1.39,201451324.0,4123050925.0,2966223687.0
217,2021-04-30,1.32,1.44,1.3,1.4,327593914.0,4147290861.0,2962350615.0
218,2021-04-29,1.29,1.38,1.24,1.32,343626935.0,3890134271.0,2947071417.0
219,2021-04-28,1.31,1.34,1.21,1.29,253483940.0,3795373299.0,2942149844.0
220,2021-04-27,1.24,1.33,1.22,1.31,299152002.0,3850419728.0,2939251700.0
221,2021-04-26,1.1,1.25,1.09,1.24,287758062.0,3637378715.0,2933369931.0
222,2021-04-25,1.09,1.19,1.05,1.09,236814426.0,3213488835.0,2948154894.0
223,2021-04-24,1.17,1.17,1.08,1.09,196535691.0,3191380898.0,2927872383.0
224,2021-04-23,1.16,1.19,0.9268,1.16,614781222.0,3403738097.0,2934256980.0
225,2021-04-22,1.21,1.32,1.14,1.16,440794544.0,3359062460.0,2895743500.0
226,2021-04-21,1.29,1.34,1.19,1.21,469605920.0,3491963305.0,2885920086.0
227,2021-04-20,1.29,1.35,1.17,1.29,505907556.0,3708259855.0,2874620042.0
228,2021-04-19,1.46,1.51,1.29,1.29,455800383.0,3705874771.0,2872771140.0
229,2021-04-18,1.71,1.74,1.26,1.45,865676730.0,4148352107.0,2860932487.0
230,2021-04-17,1.51,1.82,1.51,1.7,941888384.0,4802701496.0,2825118527.0
231,2021-04-16,1.57,1.6,1.42,1.51,405207049.0,4243952689.0,2810564694.0
232,2021-04-15,1.46,1.62,1.45,1.57,421373869.0,4387370448.0,2794503470.0
233,2021-04-14,1.51,1.53,1.39,1.47,377957613.0,4062682358.0,2763729495.0
234,2021-04-13,1.48,1.55,1.42,1.52,395401453.0,4162927734.0,2738768246.0
235,2021-04-12,1.52,1.6,1.44,1.48,440923375.0,4039064299.0,2729097499.0
236,2021-04-11,1.39,1.55,1.37,1.52,377203338.0,4102251116.0,2698849418.0
237,2021-04-10,1.39,1.48,1.36,1.39,335532482.0,3734827324.0,2686926132.0
238,2021-04-09,1.35,1.43,1.32,1.39,281543642.0,3714584414.0,2672362887.0
239,2021-04-08,1.31,1.38,1.3,1.35,252938907.0,3580896688.0,2652516065.0
240,2021-04-07,1.4,1.48,1.26,1.3,545441816.0,3440619291.0,2646630223.0
241,2021-04-06,1.4,1.49,1.36,1.4,441199749.0,3673149597.0,2623678283.0
242,2021-04-05,1.32,1.43,1.28,1.41,363893378.0,3680673032.0,2610406405.0
243,2021-04-04,1.27,1.36,1.25,1.31,259162075.0,3443490562.0,2628618749.0
244,2021-04-03,1.36,1.47,1.27,1.27,457515567.0,3323474734.0,2616909239.0
245,2021-04-02,1.33,1.37,1.31,1.36,256028256.0,3561439673.0,2618705641.0
246,2021-04-01,1.37,1.4,1.3,1.33,312332954.0,3468241465.0,2607700349.0
247,2021-03-31,1.33,1.37,1.26,1.37,369677700.0,3576821900.0,2610818905.0
248,2021-03-30,1.4,1.43,1.3,1.33,418633321.0,3461669313.0,2602758881.0
249,2021-03-29,1.24,1.45,1.22,1.4,565200987.0,3651285477.0,2608061055.0
250,2021-03-28,1.16,1.27,1.15,1.24,368338603.0,3221922852.0,2598324880.0
251,2021-03-27,1.12,1.22,1.1,1.16,350800206.0,3019881246.0,2603345901.0
252,2021-03-26,1.05,1.13,1.04,1.12,204442462.0,2910052076.0,2598260782.0
253,2021-03-25,1.03,1.08,0.9881,1.05,371973364.0,2720201987.0,2590668559.0
254,2021-03-24,1.11,1.18,1.0,1.03,355602691.0,2688516869.0,2610210552.0
255,2021-03-23,1.11,1.16,1.07,1.11,305034134.0,2894750172.0,2607883037.0
256,2021-03-22,1.18,1.23,1.09,1.11,287231851.0,2881771866.0,2596190870.0
257,2021-03-21,1.21,1.24,1.16,1.18,278155215.0,3071084074.0,2602613622.0
258,2021-03-20,1.25,1.32,1.21,1.21,284449961.0,3135078850.0,2590974256.0
259,2021-03-19,1.26,1.31,1.22,1.25,295857156.0,3254127466.0,2603301972.0
260,2021-03-18,1.29,1.38,1.24,1.26,602618872.0,3269117704.0,2594537860.0
261,2021-03-17,1.2,1.3,1.16,1.3,443468960.0,3352613058.0,2578933121.0
262,2021-03-16,1.19,1.25,1.13,1.2,632910988.0,3106912766.0,2589093971.0
263,2021-03-15,1.13,1.34,1.12,1.2,1215427012.0,3096093413.0,2580077844.0
264,2021-03-14,1.14,1.17,1.09,1.13,404746123.0,2919810940.0,2583903486.0
265,2021-03-13,1.05,1.17,1.02,1.14,424560368.0,2942646243.0,2581268634.0
266,2021-03-12,1.08,1.15,1.03,1.05,455285823.0,2714751054.0,2585477194.0
267,2021-03-11,1.11,1.12,1.05,1.08,331685164.0,2790223403.0,2583540187.0
268,2021-03-10,1.18,1.23,1.08,1.11,439787738.0,2853328266.0,2570566005.0
269,2021-03-09,1.15,1.18,1.12,1.18,404449001.0,2705098217.0,2292456116.0
270,2021-03-08,1.1,1.16,1.06,1.15,379936908.0,2619042791.0,2277428513.0
271,2021-03-07,1.05,1.14,1.05,1.1,319268550.0,2470106263.0,2245551148.0
272,2021-03-06,1.06,1.07,1.01,1.05,269458490.0,2357401178.0,2245143979.0
273,2021-03-05,1.09,1.09,1.01,1.06,415618857.0,2369067167.0,2234969025.0
274,2021-03-04,1.18,1.25,1.05,1.09,558601276.0,2421958821.0,2221980569.0
275,2021-03-03,1.08,1.22,1.06,1.18,638690035.0,2584380629.0,2190153075.0
276,2021-03-02,1.09,1.17,1.04,1.08,552897940.0,2337232099.0,2164103795.0
277,2021-03-01,1.02,1.11,1.01,1.09,425868521.0,2276907404.0,2088905875.0
278,2021-02-28,1.1,1.13,0.9527,1.02,598035361.0,2106497642.0,2065193766.0
279,2021-02-27,0.9721,1.18,0.9721,1.1,546790290.0,2219617066.0,2017833696.0
280,2021-02-26,0.9789,1.05,0.9043,0.9713,490080858.0,1960685816.0,2018620216.0
281,2021-02-25,1.06,1.15,0.976,0.976,529090407.0,1950259104.0,1998216295.0
282,2021-02-24,1.0,1.18,0.9565,1.06,604870974.0,2093117126.0,1974638798.0
283,2021-02-23,1.14,1.15,0.8417,0.9998,879735912.0,1947265608.0,1947655139.0
284,2021-02-22,1.31,1.31,0.9495,1.14,786990096.0,2193856182.0,1924435247.0
285,2021-02-21,1.31,1.35,1.27,1.31,408227703.0,2455331969.0,1874299212.0
286,2021-02-20,1.37,1.49,1.25,1.31,801624385.0,2410314586.0,1839934798.0
287,2021-02-19,1.4,1.43,1.31,1.37,587922601.0,2405797222.0,1756056366.0
288,2021-02-18,1.37,1.45,1.36,1.4,613260929.0,2443528728.0,1745377662.0
289,2021-02-17,1.31,1.42,1.2,1.37,918368743.0,2332973251.0,1702900183.0
290,2021-02-16,1.35,1.47,1.28,1.31,849383982.0,2189280104.0,1671206186.0
291,2021-02-15,1.47,1.54,1.22,1.35,1282829302.0,2194439504.0,1625510743.0
292,2021-02-14,1.67,1.68,1.42,1.47,958023564.0,2318886353.0,1577473709.0
293,2021-02-13,1.72,1.79,1.38,1.67,1617380782.0,2529547859.0,1514699316.0
294,2021-02-12,1.25,1.82,1.18,1.71,2098583771.0,2487520455.0,1454690324.0
295,2021-02-11,1.03,1.3,1.03,1.25,1240723518.0,1762446382.0,1409957105.0
296,2021-02-10,1.03,1.05,0.9218,1.03,629613749.0,1423236937.0,1381783433.0
297,2021-02-09,1.01,1.08,0.9667,1.03,730369062.0,1389112458.0,1348652871.0
298,2021-02-08,0.8447,1.09,0.8443,1.01,987137198.0,1356864342.0,1343430041.0
299,2021-02-07,0.8108,0.8749,0.7741,0.845,453238754.0,1117307659.0,1322257584.0
300,2021-02-06,0.8336,0.8627,0.7461,0.8109,439952226.0,1057229824.0,1303773367.0
301,2021-02-05,0.7076,0.8885,0.7004,0.8341,538956814.0,1073207784.0,1286665608.0
302,2021-02-04,0.7425,0.757,0.6751,0.7075,357906069.0,901348057.0,1273990186.0
303,2021-02-03,0.6524,0.748,0.6489,0.7408,314896934.0,932052142.0,1258169738.0
304,2021-02-02,0.6437,0.6715,0.6276,0.6527,218901999.0,816410468.0,1250820389.0
305,2021-02-01,0.651,0.6652,0.6198,0.6434,253555579.0,801318349.0,1245443501.0
306,2021-01-31,0.6642,0.6973,0.6243,0.6512,309348318.0,809696072.0,1243390773.0
307,2021-01-30,0.6406,0.7003,0.6151,0.6638,382878779.0,823929237.0,1241231149.0
308,2021-01-29,0.5645,0.6791,0.5534,0.6409,377660793.0,794256970.0,1239283772.0
309,2021-01-28,0.5432,0.5778,0.5283,0.5612,200013864.0,694236153.0,1237056580.0
310,2021-01-27,0.601,0.6015,0.5263,0.5432,211490314.0,670631655.0,1234594357.0
311,2021-01-26,0.5574,0.6191,0.5386,0.6016,234028040.0,741589791.0,1232695796.0
312,2021-01-25,0.5634,0.6326,0.5516,0.5582,277194483.0,684967198.0,1227099960.0
313,2021-01-24,0.557,0.5809,0.5521,0.5634,189233850.0,689909449.0,1224546412.0
314,2021-01-23,0.51,0.57,0.5035,0.5571,196103379.0,680937965.0,1222290369.0
315,2021-01-22,0.4615,0.5385,0.4323,0.511,185139633.0,623878179.0,1220896632.0
316,2021-01-21,0.5465,0.5494,0.4516,0.4615,182613767.0,562521176.0,1218897456.0
317,2021-01-20,0.5227,0.5477,0.4864,0.546,197111759.0,664366558.0,1216788567.0
318,2021-01-19,0.5662,0.5717,0.5175,0.5235,182636174.0,635871445.0,1214654145.0
319,2021-01-18,0.5848,0.6038,0.5432,0.5661,261142097.0,686427451.0,1212555115.0
320,2021-01-17,0.5191,0.5843,0.4884,0.5841,300743172.0,707003044.0,1210414387.0
321,2021-01-16,0.488,0.5498,0.4853,0.5189,296573002.0,627060022.0,1208440975.0
322,2021-01-15,0.4544,0.4968,0.4301,0.4884,274399567.0,589206170.0,1206400839.0
323,2021-01-14,0.4505,0.4659,0.4306,0.4536,116642595.0,546411275.0,1204610394.0
324,2021-01-13,0.3977,0.452,0.3822,0.4507,128842017.0,550898424.0,1222317337.0
325,2021-01-12,0.4168,0.4299,0.3923,0.3977,137219408.0,483689142.0,1216216097.0
326,2021-01-11,0.4611,0.4611,0.3748,0.417,258262717.0,506326645.0,1214212577.0
327,2021-01-10,0.486,0.5139,0.4204,0.462,257910313.0,560098975.0,1212335443.0
328,2021-01-09,0.4549,0.4932,0.4369,0.4862,204728849.0,588479032.0,1210364113.0
329,2021-01-08,0.4628,0.4821,0.4139,0.4548,248294641.0,549484634.0,1208189608.0
330,2021-01-07,0.5118,0.519,0.4516,0.4628,295341182.0,558294123.0,1206339937.0
331,2021-01-06,0.4799,0.5282,0.46,0.5113,374099920.0,615773195.0,1204328564.0
332,2021-01-05,0.4416,0.4934,0.4054,0.4794,423192879.0,576420576.0,1202379173.0
333,2021-01-04,0.4241,0.4595,0.3701,0.4387,257108478.0,526536586.0,1200220164.0
334,2021-01-03,0.408,0.4344,0.3991,0.4228,263098398.0,506613483.0,1198234349.0
335,2021-01-02,0.3986,0.4607,0.3851,0.4081,417148719.0,488214116.0,1196310012.0
336,2021-01-01,0.3342,0.4313,0.3324,0.3981,341885747.0,475506414.0,1194439623.0
337,2020-12-31,0.3355,0.3362,0.3192,0.334,63753450.0,398296170.0,1192503502.0
338,2020-12-30,0.346,0.3585,0.3282,0.3355,76007919.0,399527469.0,1190841934.0
339,2020-12-29,0.3565,0.3608,0.3209,0.3459,114394973.0,411303174.0,1189081162.0
340,2020-12-28,0.3192,0.3563,0.317,0.3562,77096646.0,421590539.0,1183578155.0
341,2020-12-27,0.3093,0.3351,0.3022,0.3191,92973623.0,377131300.0,1181859291.0
342,2020-12-26,0.3097,0.3212,0.3015,0.3093,61623355.0,365030731.0,1180183417.0
343,2020-12-25,0.3138,0.3288,0.3045,0.3097,70992652.0,365011424.0,1178596783.0
344,2020-12-24,0.2896,0.3139,0.2825,0.3139,70852889.0,369393255.0,1176786412.0
345,2020-12-23,0.3368,0.3507,0.2696,0.2889,113589408.0,339466638.0,1175031630.0
346,2020-12-22,0.3267,0.3475,0.3185,0.3369,90816048.0,395307490.0,1173367438.0
347,2020-12-21,0.3394,0.3651,0.3146,0.3273,122394591.0,383358582.0,1171275838.0
348,2020-12-20,0.3565,0.3572,0.3307,0.339,95694398.0,396471728.0,1169533120.0
349,2020-12-19,0.3538,0.384,0.351,0.3566,130789717.0,423249794.0,1186903516.0
350,2020-12-18,0.3322,0.3626,0.3175,0.3539,119453445.0,418062220.0,1181300423.0
351,2020-12-17,0.34,0.3573,0.3257,0.3321,123624266.0,391834085.0,1179867765.0
352,2020-12-16,0.3255,0.344,0.3193,0.34,106922372.0,400509207.0,1177968255.0
353,2020-12-15,0.3128,0.3395,0.3128,0.3255,77662360.0,382912366.0,1176382076.0
354,2020-12-14,0.3093,0.3177,0.3046,0.3128,48466155.0,367429118.0,1174645517.0
355,2020-12-13,0.3099,0.3195,0.3053,0.3091,47397135.0,362674628.0,1173324581.0
356,2020-12-12,0.2895,0.3154,0.2892,0.3098,56942675.0,362982501.0,1171667207.0
357,2020-12-11,0.2944,0.2951,0.2773,0.2899,48422448.0,339126241.0,1169804211.0
358,2020-12-10,0.3062,0.3073,0.2916,0.2943,41624811.0,343707359.0,1167880934.0
359,2020-12-09,0.301,0.308,0.2872,0.3062,67088276.0,357026543.0,1165991322.0
360,2020-12-08,0.3311,0.332,0.2949,0.301,80324528.0,349272800.0,1160374750.0
361,2020-12-07,0.3371,0.3429,0.3242,0.3312,52230358.0,383775486.0,1158742409.0
362,2020-12-06,0.3443,0.3474,0.3307,0.3371,75516886.0,390094503.0,1157207069.0
363,2020-12-05,0.3267,0.3503,0.3195,0.3447,74950311.0,398311844.0,1155531894.0
364,2020-12-04,0.3408,0.3732,0.3232,0.327,110866371.0,377294785.0,1153806681.0
365,2020-12-03,0.3419,0.3571,0.3402,0.3407,78058839.0,392614510.0,1152376019.0
366,2020-12-02,0.309,0.3461,0.3013,0.3417,101946818.0,393100330.0,1150425314.0
367,2020-12-01,0.3289,0.3462,0.3068,0.3091,101960294.0,355039798.0,1148624386.0
368,2020-11-30,0.3175,0.3338,0.3138,0.3286,93029960.0,376849715.0,1146834190.0
369,2020-11-29,0.3132,0.3229,0.3017,0.3176,59560847.0,363692604.0,1145127846.0
370,2020-11-28,0.3002,0.3236,0.2958,0.3131,69329866.0,358081705.0,1143665618.0
371,2020-11-27,0.3019,0.3162,0.2866,0.3,80462546.0,342566098.0,1141886993.0
372,2020-11-26,0.3436,0.3551,0.2808,0.3018,203880410.0,344175652.0,1140409715.0
373,2020-11-25,0.3579,0.419,0.3334,0.3437,222071949.0,391382995.0,1138734346.0
374,2020-11-24,0.3354,0.3746,0.3277,0.3579,224480785.0,406939750.0,1137020815.0
375,2020-11-23,0.297,0.3413,0.2936,0.3352,123633926.0,385652094.0,1150513406.0
376,2020-11-22,0.3153,0.3233,0.2814,0.297,104518231.0,341279098.0,1149087872.0
377,2020-11-21,0.2844,0.3245,0.2844,0.3153,124532492.0,361747465.0,1147311972.0
378,2020-11-20,0.2646,0.2887,0.2645,0.2844,63907790.0,325824643.0,1145656269.0
379,2020-11-19,0.2675,0.2713,0.2556,0.2646,41325515.0,302661586.0,1143845752.0
380,2020-11-18,0.274,0.2772,0.2576,0.2675,71924359.0,304545720.0,1138488672.0
381,2020-11-17,0.2728,0.2784,0.2686,0.274,54733261.0,311553786.0,1137057613.0
382,2020-11-16,0.2549,0.2722,0.2527,0.2697,61158972.0,306179466.0,1135259421.0
383,2020-11-15,0.2658,0.2712,0.2489,0.2549,57838422.0,288951421.0,1133587371.0
384,2020-11-14,0.2797,0.2798,0.2635,0.2658,47149542.0,300918682.0,1132124462.0
385,2020-11-13,0.2652,0.281,0.2634,0.2797,51460690.0,316215603.0,1130552745.0
386,2020-11-12,0.2787,0.2787,0.2607,0.2652,40815820.0,299293750.0,1128558634.0
387,2020-11-11,0.2868,0.2936,0.2774,0.2787,52318889.0,314167003.0,1127258711.0
388,2020-11-10,0.2606,0.2921,0.2571,0.2868,66371409.0,322766635.0,1125406677.0
389,2020-11-09,0.2665,0.2729,0.2548,0.2606,44327720.0,292844712.0,1123732586.0
390,2020-11-08,0.2583,0.275,0.2545,0.2665,42481944.0,299011533.0,1121994495.0
391,2020-11-07,0.2765,0.2968,0.2451,0.2583,93241589.0,289403470.0,1120416066.0
392,2020-11-06,0.2477,0.2811,0.2476,0.2765,53370602.0,309351576.0,1118812209.0
393,2020-11-05,0.2386,0.2538,0.2341,0.2477,47384257.0,275402298.0,1111838102.0
394,2020-11-04,0.2329,0.2435,0.2221,0.2386,68372676.0,260432362.0,1091501936.0
395,2020-11-03,0.2461,0.2476,0.2266,0.2329,61006685.0,254181180.0,1091374753.0
396,2020-11-02,0.2573,0.2617,0.2445,0.2461,59993282.0,268672106.0,1091719244.0
397,2020-11-01,0.2495,0.2618,0.2437,0.2573,58993441.0,280835698.0,1091471815.0
398,2020-10-31,0.2545,0.2643,0.2479,0.2495,65674043.0,272299731.0,1091381687.0
399,2020-10-30,0.2561,0.2577,0.2388,0.2545,99778074.0,277738497.0,1091310400.0
400,2020-10-29,0.2773,0.2834,0.2538,0.2561,82069856.0,279521585.0,1091454841.0
401,2020-10-28,0.2875,0.2921,0.2672,0.2773,93228863.0,302704643.0,1091614291.0
402,2020-10-27,0.2915,0.2991,0.2834,0.2875,81941358.0,313848803.0,1091648010.0
403,2020-10-26,0.3032,0.307,0.2854,0.2915,81997964.0,318131744.0,1091361042.0
404,2020-10-25,0.3074,0.3119,0.2989,0.3032,68278477.0,330932284.0,1091465316.0
405,2020-10-24,0.3087,0.3135,0.3037,0.3074,67012147.0,335504571.0,1091426711.0
406,2020-10-23,0.3154,0.3232,0.3013,0.3087,80162817.0,336938910.0,1091476870.0
407,2020-10-22,0.3015,0.3247,0.3015,0.3153,80446555.0,344172014.0,1091569977.0
408,2020-10-21,0.2868,0.3125,0.2859,0.3016,60706484.0,329149067.0,1091343060.0
409,2020-10-20,0.3029,0.3047,0.2821,0.2873,74330601.0,313594550.0,1091522972.0
410,2020-10-19,0.3147,0.3174,0.3019,0.3029,108467486.0,320578239.0,1058363284.0
411,2020-10-18,0.314,0.3163,0.3095,0.3163,103439389.0,334762082.0,1058368896.0
412,2020-10-17,0.2994,0.3178,0.2988,0.3125,77610984.0,330794051.0,1058540963.0
413,2020-10-16,0.3142,0.3173,0.2968,0.2992,119502553.0,316699899.0,1058488967.0
414,2020-10-15,0.3272,0.3319,0.3069,0.3152,103784753.0,333638897.0,1058499038.0
415,2020-10-14,0.3444,0.3479,0.32,0.327,171646779.0,346085079.0,1058364155.0
416,2020-10-13,0.344,0.3557,0.332,0.3433,172399878.0,363415851.0,1058595546.0
417,2020-10-12,0.332,0.3624,0.3283,0.3444,206423893.0,364577656.0,1058587851.0
418,2020-10-11,0.3245,0.3379,0.3166,0.3322,150596743.0,351638017.0,1058512995.0
419,2020-10-10,0.3299,0.3377,0.3205,0.3245,149128190.0,343510648.0,1058584431.0
420,2020-10-09,0.3079,0.3323,0.3007,0.3307,152635150.0,350063187.0,1058552122.0
421,2020-10-08,0.3074,0.3139,0.2902,0.3074,147516868.0,325359296.0,1058423214.0
422,2020-10-07,0.2853,0.3096,0.2776,0.3055,153773046.0,323397723.0,1058585018.0
423,2020-10-06,0.3178,0.3214,0.2837,0.2876,142004290.0,304429257.0,1058516192.0
424,2020-10-05,0.3133,0.3223,0.3078,0.3179,122455641.0,336470760.0,1058416986.0
425,2020-10-04,0.3143,0.3199,0.3062,0.3133,131929747.0,331602591.0,1058418739.0
426,2020-10-03,0.3171,0.3299,0.3128,0.3139,147675549.0,332241157.0,1058429936.0
427,2020-10-02,0.334,0.3396,0.2941,0.3171,208599779.0,335669775.0,1058561258.0
428,2020-10-01,0.3466,0.3691,0.3284,0.3343,156750918.0,353850678.0,1058482434.0
429,2020-09-30,0.3369,0.3457,0.3207,0.3457,106426941.0,365938885.0,1058544648.0
430,2020-09-29,0.3275,0.3427,0.3215,0.3362,104029049.0,355898170.0,1058590630.0
431,2020-09-28,0.3142,0.3476,0.3135,0.3283,67843978.0,347547635.0,1058628190.0
432,2020-09-27,0.3257,0.3266,0.3049,0.3138,47989116.0,332202770.0,1058644901.0
433,2020-09-26,0.3174,0.3408,0.3154,0.3263,60650635.0,345395249.0,1058520530.0
434,2020-09-25,0.2941,0.3271,0.2899,0.3175,69380549.0,336066351.0,1058476696.0
435,2020-09-24,0.2706,0.2978,0.1984,0.2944,63506796.0,311666016.0,1058648152.0
436,2020-09-23,0.3077,0.3099,0.2644,0.2679,131999425.0,283522595.0,1058315024.0
437,2020-09-22,0.2887,0.3131,0.2773,0.3068,73652521.0,324747740.0,1058499804.0
438,2020-09-21,0.3272,0.3302,0.2804,0.2891,120549272.0,305982982.0,1058398415.0
439,2020-09-20,0.3432,0.3581,0.3146,0.3278,119120575.0,346990541.0,1058543444.0
440,2020-09-19,0.3373,0.3454,0.3264,0.3422,95511990.0,362223839.0,1058515017.0
441,2020-09-18,0.3573,0.3631,0.3299,0.3369,134404170.0,356657297.0,1058644395.0
442,2020-09-17,0.3608,0.3752,0.3469,0.3573,133380024.0,378229329.0,1058576347.0
443,2020-09-16,0.3541,0.3625,0.3388,0.3608,131124197.0,381904146.0,1058492644.0
444,2020-09-15,0.383,0.3878,0.3528,0.3538,137166676.0,374511096.0,1058538993.0
445,2020-09-14,0.3768,0.3916,0.3676,0.383,127090720.0,405384563.0,1058445334.0
446,2020-09-13,0.4092,0.4157,0.3603,0.3773,146261454.0,399350142.0,1058441934.0
447,2020-09-12,0.4116,0.4176,0.3996,0.4092,147918798.0,433170429.0,1058578760.0
448,2020-09-11,0.4152,0.4152,0.3912,0.4126,167917174.0,436746889.0,1058523725.0
449,2020-09-10,0.4138,0.4504,0.4022,0.4152,226878525.0,439539123.0,1058620238.0
450,2020-09-09,0.3484,0.4298,0.3387,0.4133,179285268.0,437449619.0,1058431209.0
451,2020-09-08,0.3716,0.3766,0.3385,0.3482,106371786.0,368546407.0,1058433104.0
452,2020-09-07,0.3749,0.3844,0.3323,0.37,142839454.0,391629154.0,1058457172.0
453,2020-09-06,0.3417,0.3866,0.3204,0.3746,140628688.0,396554547.0,1058607973.0
454,2020-09-05,0.3758,0.4007,0.3188,0.3411,124160080.0,361107210.0,1058654969.0
455,2020-09-04,0.3503,0.3882,0.338,0.3761,140720515.0,398084746.0,1058454522.0
456,2020-09-03,0.4645,0.4706,0.3417,0.3518,141289498.0,372410229.0,1058585073.0
457,2020-09-02,0.5179,0.5262,0.431,0.4645,176105219.0,358500400.0,771798493.0
458,2020-09-01,0.5037,0.5503,0.4966,0.518,190460341.0,399833140.0,771878648.0
459,2020-08-31,0.5185,0.5263,0.5038,0.5038,130325932.0,388815391.0,771765365.0
460,2020-08-30,0.5353,0.5496,0.5133,0.5187,133607019.0,400342706.0,771819367.0
461,2020-08-29,0.5342,0.5484,0.5251,0.5367,126976934.0,414211234.0,771774238.0
462,2020-08-28,0.5213,0.5605,0.5146,0.5352,165850062.0,413090340.0,771842937.0
463,2020-08-27,0.5511,0.5583,0.4953,0.5214,195555976.0,402414242.0,771795630.0
464,2020-08-26,0.5632,0.5872,0.5332,0.5511,193190502.0,425377827.0,771870489.0
465,2020-08-25,0.6316,0.6369,0.5352,0.5635,229197386.0,434935602.0,771846676.0
466,2020-08-24,0.6133,0.6626,0.5967,0.6332,175121216.0,488717247.0,771821299.0
467,2020-08-23,0.5651,0.6366,0.5471,0.6135,174829794.0,473547739.0,771878955.0
468,2020-08-22,0.5331,0.5866,0.5145,0.5682,168290282.0,438526699.0,771782293.0
469,2020-08-21,0.627,0.6324,0.5284,0.532,207671088.0,410631549.0,771863813.0
470,2020-08-20,0.5978,0.6647,0.5957,0.6278,220969281.0,484564187.0,771844834.0
471,2020-08-19,0.5579,0.6227,0.5161,0.5978,276243241.0,461389346.0,771812221.0
472,2020-08-18,0.5859,0.6059,0.5276,0.5581,181855579.0,430788599.0,771884248.0
473,2020-08-17,0.6294,0.691,0.5832,0.5859,191812541.0,452195418.0,771796241.0
474,2020-08-16,0.6369,0.6634,0.6184,0.6294,167466878.0,485794976.0,771838220.0
475,2020-08-15,0.6386,0.7045,0.6002,0.6374,238718892.0,491956623.0,771817732.0
476,2020-08-14,0.669,0.7619,0.6243,0.6386,347203425.0,492891603.0,771831511.0
477,2020-08-13,0.5283,0.6965,0.5087,0.6683,462974560.0,515791683.0,771796622.0
478,2020-08-12,0.4375,0.5449,0.4086,0.5284,182545506.0,407841787.0,771842897.0
479,2020-08-11,0.4687,0.4875,0.4001,0.4374,128248142.0,337607928.0,771851687.0
480,2020-08-10,0.4255,0.4862,0.4101,0.4685,130243509.0,361604217.0,771833974.0
481,2020-08-09,0.4513,0.4706,0.4143,0.4255,119127687.0,328413836.0,771830401.0
482,2020-08-08,0.37,0.459,0.3695,0.4514,128587701.0,348368395.0,771750985.0
483,2020-08-07,0.364,0.3796,0.3423,0.3699,65591141.0,285462856.0,771729808.0
484,2020-08-06,0.336,0.3734,0.3348,0.364,80849804.0,280924369.0,771770244.0
485,2020-08-05,0.3265,0.3455,0.3222,0.3362,59452182.0,259492919.0,771840925.0
486,2020-08-04,0.3096,0.3307,0.3096,0.3264,36437559.0,251891119.0,771725242.0
487,2020-08-03,0.3012,0.3214,0.2987,0.3096,35563711.0,238979279.0,771896895.0
488,2020-08-02,0.3261,0.3341,0.2852,0.3012,57456906.0,232470087.0,771813037.0
489,2020-08-01,0.3253,0.3338,0.32,0.3266,58184980.0,252039121.0,771705820.0
490,2020-07-31,0.3341,0.3517,0.3159,0.3253,75002381.0,251104560.0,771916876.0
491,2020-07-30,0.3089,0.3466,0.306,0.3337,138288081.0,257580885.0,771893572.0
492,2020-07-29,0.3139,0.3269,0.3076,0.3089,50534906.0,238378536.0,771701314.0
493,2020-07-28,0.2875,0.3159,0.2777,0.3133,62403459.0,241801490.0,771788988.0
494,2020-07-27,0.3205,0.3233,0.2717,0.2874,85347338.0,221858400.0,771949895.0
495,2020-07-26,0.3191,0.3307,0.3064,0.3205,52223639.0,247403473.0,771929712.0
496,2020-07-25,0.3122,0.3362,0.3114,0.3191,46361293.0,246307687.0,771882441.0
497,2020-07-24,0.3288,0.3303,0.3113,0.3119,41895273.0,240738693.0,771845761.0
498,2020-07-23,0.346,0.3491,0.3259,0.3287,53781716.0,253693253.0,771807888.0
499,2020-07-22,0.3456,0.3569,0.3444,0.3461,50305323.0,267117123.0,771791745.0
500,2020-07-21,0.3581,0.3697,0.3391,0.3454,78305897.0,266584873.0,771814918.0
501,2020-07-20,0.3883,0.3937,0.3443,0.3597,103494709.0,277629354.0,771835846.0
502,2020-07-19,0.3553,0.3946,0.3409,0.3882,73970160.0,299620091.0,771818884.0
503,2020-07-18,0.3464,0.363,0.3323,0.355,65071045.0,273997276.0,771823312.0
504,2020-07-17,0.3543,0.3809,0.333,0.3468,146141038.0,267696512.0,771904590.0
505,2020-07-16,0.2879,0.359,0.2663,0.3522,207333074.0,271864947.0,771905017.0
506,2020-07-15,0.2722,0.2912,0.2613,0.288,58034540.0,222308350.0,771903993.0
507,2020-07-14,0.2659,0.2763,0.253,0.2723,47664473.0,210151699.0,771765328.0
508,2020-07-13,0.2791,0.2898,0.2621,0.2659,61304601.0,205229775.0,771830669.0
509,2020-07-12,0.2799,0.2854,0.2634,0.2791,48952586.0,215451724.0,771951716.0
510,2020-07-11,0.2499,0.2933,0.2494,0.2799,97654539.0,216018408.0,771769946.0
511,2020-07-10,0.242,0.2517,0.2302,0.2499,34658190.0,192911206.0,771953605.0
512,2020-07-09,0.2469,0.2538,0.2355,0.2425,41951827.0,187184279.0,771893934.0
513,2020-07-08,0.2325,0.2511,0.2305,0.2469,39878814.0,190537407.0,771718942.0
514,2020-07-07,0.2286,0.2355,0.2226,0.2325,28795350.0,179444215.0,771803075.0
515,2020-07-06,0.2151,0.2311,0.2151,0.2285,34005170.0,176390780.0,771950897.0
516,2020-07-05,0.2173,0.2193,0.2098,0.2151,21720266.0,166049960.0,771966341.0
517,2020-07-04,0.2039,0.2177,0.2036,0.2172,22962550.0,167646466.0,771852974.0
518,2020-07-03,0.2071,0.208,0.2032,0.204,18788671.0,157430927.0,771720230.0
519,2020-07-02,0.2144,0.2178,0.2039,0.2072,24088543.0,159922128.0,771824942.0
520,2020-07-01,0.2085,0.2182,0.2077,0.2144,19987708.0,165454228.0,771708152.0
521,2020-06-30,0.2142,0.2147,0.2076,0.2084,17000167.0,160855886.0,771861257.0
522,2020-06-29,0.208,0.2154,0.2071,0.2144,22667921.0,165493297.0,771890377.0
523,2020-06-28,0.2059,0.2125,0.1987,0.2081,24227939.0,160603050.0,771759010.0
524,2020-06-27,0.2227,0.2236,0.1999,0.2059,30971071.0,158890856.0,771689441.0
525,2020-06-26,0.2348,0.2354,0.2218,0.2225,30965671.0,171733136.0,771834319.0
526,2020-06-25,0.239,0.24,0.2273,0.2351,27561878.0,181434731.0,771734287.0
527,2020-06-24,0.2496,0.2562,0.2326,0.2389,42345209.0,184357732.0,771694148.0
528,2020-06-23,0.2406,0.251,0.2363,0.249,30239369.0,192146090.0,771671044.0
529,2020-06-22,0.2326,0.2403,0.2326,0.2403,24114135.0,185455944.0,771768389.0
530,2020-06-21,0.2305,0.239,0.2305,0.2329,21557690.0,179726184.0,771688209.0
531,2020-06-20,0.2307,0.2345,0.2272,0.2305,22772469.0,177895050.0,771778958.0
532,2020-06-19,0.2413,0.2413,0.2305,0.2305,26128647.0,177934478.0,771950013.0
533,2020-06-18,0.2446,0.2513,0.2395,0.2411,36043033.0,186123198.0,771975105.0
534,2020-06-17,0.2356,0.2468,0.2312,0.2447,36893707.0,188882573.0,771894454.0
535,2020-06-16,0.2273,0.2406,0.2265,0.2357,30256963.0,181881533.0,771665392.0
536,2020-06-15,0.2346,0.2346,0.2114,0.2273,35283462.0,175462448.0,771942138.0
537,2020-06-14,0.2351,0.2461,0.2312,0.2347,31124757.0,181128763.0,771745901.0
538,2020-06-13,0.2323,0.2361,0.2296,0.2349,20116921.0,181295273.0,771797671.0
539,2020-06-12,0.2315,0.2336,0.2268,0.2322,24659783.0,179192217.0,771714974.0
540,2020-06-11,0.2469,0.2504,0.2266,0.2316,32256440.0,178762615.0,771859304.0
541,2020-06-10,0.243,0.2483,0.241,0.2469,28028320.0,190564285.0,771827804.0
542,2020-06-09,0.2342,0.2434,0.2309,0.2429,24682686.0,187422118.0,771601967.0
543,2020-06-08,0.2321,0.2357,0.23,0.2341,22525776.0,180472679.0,770921311.0
544,2020-06-07,0.2372,0.238,0.2265,0.232,22008257.0,178692681.0,770227073.0
545,2020-06-06,0.2332,0.2383,0.2301,0.2372,24059435.0,182478768.0,769303406.0
546,2020-06-05,0.2424,0.2425,0.2332,0.2332,28128503.0,179268685.0,768733640.0
547,2020-06-04,0.2421,0.2492,0.2402,0.2424,30213204.0,186143230.0,767917615.0
548,2020-06-03,0.2453,0.2456,0.2385,0.2421,25893456.0,185728786.0,767157315.0
549,2020-06-02,0.2496,0.2583,0.2371,0.2453,38177362.0,188038389.0,766564977.0
550,2020-06-01,0.2347,0.2561,0.2328,0.2494,59858535.0,191003859.0,765853484.0
551,2020-05-31,0.2434,0.2586,0.2303,0.2347,68364969.0,179539936.0,764976293.0
552,2020-05-30,0.2289,0.2434,0.2254,0.2433,45564525.0,182808062.0,751368935.0
553,2020-05-29,0.2266,0.2353,0.2236,0.229,40694258.0,171892840.0,750623755.0
554,2020-05-28,0.2209,0.2272,0.2146,0.2264,34772783.0,169770417.0,749869333.0
555,2020-05-27,0.2179,0.2258,0.2154,0.2211,40930894.0,165612896.0,749040687.0
556,2020-05-26,0.2114,0.2223,0.2072,0.2179,51131422.0,156489725.0,718172212.0
557,2020-05-25,0.1982,0.2126,0.1958,0.2114,41018288.0,151630282.0,717267180.0
558,2020-05-24,0.2025,0.2111,0.1976,0.1985,42598096.0,142259585.0,716672972.0
559,2020-05-23,0.2051,0.2121,0.1998,0.2031,36046130.0,145391305.0,715860684.0
560,2020-05-22,0.1926,0.2084,0.1901,0.2049,42004290.0,146545100.0,715203025.0
561,2020-05-21,0.209,0.2095,0.1843,0.1927,40452333.0,137685124.0,714505054.0
562,2020-05-20,0.2001,0.214,0.1995,0.2095,44161496.0,149569453.0,713935336.0
563,2020-05-19,0.2016,0.2025,0.1964,0.1998,30642636.0,142494549.0,713185930.0
564,2020-05-18,0.1984,0.2039,0.1977,0.2007,30816357.0,142975739.0,712385346.0
565,2020-05-17,0.1985,0.2038,0.197,0.1978,31700968.0,140758910.0,711622396.0
566,2020-05-16,0.1931,0.1997,0.1909,0.1979,30170528.0,140700110.0,710965689.0
567,2020-05-15,0.1975,0.2015,0.1923,0.1924,31883336.0,136647697.0,710227115.0
568,2020-05-14,0.1951,0.2043,0.1946,0.1975,46584124.0,140162787.0,709684997.0
569,2020-05-13,0.1931,0.1986,0.1897,0.1961,32384911.0,139038171.0,709016680.0
570,2020-05-12,0.1872,0.1995,0.1869,0.1937,30782124.0,137166232.0,708137490.0
571,2020-05-11,0.1916,0.1994,0.1811,0.1871,50793469.0,132288549.0,707047295.0
572,2020-05-10,0.2155,0.2155,0.1837,0.1912,59119357.0,135069020.0,706427928.0
573,2020-05-09,0.218,0.2246,0.2115,0.2154,58914201.0,151986455.0,705600998.0
574,2020-05-08,0.2033,0.2228,0.2006,0.2175,67456129.0,153335167.0,704989273.0
575,2020-05-07,0.2002,0.2062,0.1951,0.2033,60485706.0,143203680.0,704395868.0
576,2020-05-06,0.21,0.212,0.2002,0.2002,60724610.0,140792332.0,703258401.0
577,2020-05-05,0.2067,0.2115,0.203,0.2099,71182196.0,150257958.0,715854969.0
578,2020-05-04,0.2072,0.2115,0.1918,0.2069,64924300.0,147950747.0,715083359.0
579,2020-05-03,0.2188,0.2224,0.2038,0.2073,78042152.0,148110762.0,714475455.0
580,2020-05-02,0.2149,0.222,0.2139,0.2191,53818143.0,156423135.0,713934892.0
581,2020-05-01,0.2109,0.2229,0.2104,0.2147,56237918.0,153089053.0,713037042.0
582,2020-04-30,0.231,0.2322,0.2041,0.2109,84265320.0,150249866.0,712422313.0
583,2020-04-29,0.2175,0.2322,0.2154,0.2305,70164558.0,164012592.0,711551375.0
584,2020-04-28,0.218,0.2238,0.2112,0.2173,45364573.0,154517562.0,711079438.0
585,2020-04-27,0.2251,0.2266,0.2088,0.2168,60508832.0,154016307.0,710407320.0
586,2020-04-26,0.2127,0.2335,0.2123,0.2252,76681404.0,159799452.0,709589040.0
587,2020-04-25,0.2104,0.2224,0.2051,0.2124,62443712.0,150548643.0,708797754.0
588,2020-04-24,0.1944,0.2148,0.194,0.2105,69664599.0,149080777.0,708222218.0
589,2020-04-23,0.1868,0.1965,0.1826,0.194,50456386.0,137211172.0,707274082.0
590,2020-04-22,0.1792,0.1887,0.1771,0.1872,45455957.0,131524398.0,702587596.0
591,2020-04-21,0.1779,0.1813,0.1757,0.179,49135039.0,125587163.0,701604262.0
592,2020-04-20,0.1895,0.1945,0.1763,0.178,58448787.0,124776934.0,700994011.0
593,2020-04-19,0.1991,0.2002,0.1891,0.1895,63204436.0,132717657.0,700357029.0
594,2020-04-18,0.1892,0.2006,0.1892,0.1993,64241406.0,139467755.0,699788033.0
595,2020-04-17,0.1856,0.1927,0.1844,0.1892,66840388.0,132228623.0,698882785.0
596,2020-04-16,0.1694,0.1881,0.1659,0.1853,78143001.0,125704557.0,678384009.0
597,2020-04-15,0.1774,0.1833,0.1689,0.1691,74008729.0,114604010.0,677729213.0
598,2020-04-14,0.1753,0.1819,0.1726,0.1775,73021132.0,120035778.0,676257904.0
599,2020-04-13,0.1804,0.1804,0.1701,0.1753,75958371.0,118436904.0,675624095.0
600,2020-04-12,0.1784,0.1862,0.1751,0.1806,77523165.0,121924786.0,675109557.0
601,2020-04-11,0.1791,0.1854,0.1744,0.1783,64134763.0,120243418.0,674388210.0
602,2020-04-10,0.2021,0.2021,0.1723,0.1791,84065535.0,120668746.0,673750675.0
603,2020-04-09,0.2031,0.2089,0.1954,0.2016,84237451.0,135628852.0,672762162.0
604,2020-04-08,0.1849,0.2043,0.1845,0.2037,73383030.0,136900949.0,672071423.0
605,2020-04-07,0.1862,0.1987,0.184,0.1852,75472243.0,124379918.0,671597829.0
606,2020-04-06,0.1715,0.1869,0.1697,0.1859,71154137.0,124693739.0,670757068.0
607,2020-04-05,0.1793,0.184,0.1677,0.1712,85592965.0,114708514.0,670026366.0
608,2020-04-04,0.1586,0.1779,0.1586,0.1779,79263376.0,119056302.0,669231602.0
609,2020-04-03,0.1582,0.1619,0.1557,0.1588,66902988.0,106188186.0,668691347.0
610,2020-04-02,0.1549,0.1626,0.1533,0.1583,54655996.0,105707158.0,667764737.0
611,2020-04-01,0.1547,0.1557,0.1489,0.1546,54771424.0,103170800.0,667340232.0
612,2020-03-31,0.1552,0.1573,0.1524,0.1547,55109430.0,103074915.0,666289043.0
613,2020-03-30,0.1446,0.1559,0.1433,0.1554,41837656.0,103433632.0,665596087.0
614,2020-03-29,0.1495,0.1512,0.1436,0.1442,46495007.0,95922476.0,665204410.0
615,2020-03-28,0.1572,0.1572,0.1459,0.1496,49928135.0,99364820.0,664203342.0
616,2020-03-27,0.1589,0.1656,0.1573,0.1577,67581402.0,104649564.0,663599010.0
617,2020-03-26,0.1533,0.1592,0.1515,0.1589,54441140.0,105302423.0,662696179.0
618,2020-03-25,0.1596,0.1607,0.1515,0.1533,53328323.0,101519852.0,662229954.0
619,2020-03-24,0.1588,0.1627,0.1534,0.1595,51348793.0,105490245.0,661380846.0
620,2020-03-23,0.1472,0.1602,0.1445,0.1589,59888502.0,104943842.0,660439534.0
621,2020-03-22,0.1531,0.1652,0.1458,0.1472,69375466.0,97166128.0,660095978.0
622,2020-03-21,0.157,0.1623,0.1458,0.1533,57755100.0,101023738.0,658993724.0
623,2020-03-20,0.1586,0.1836,0.1491,0.157,79621990.0,103363264.0,658364738.0
624,2020-03-19,0.1361,0.1691,0.1361,0.159,81789362.0,104563060.0,657629308.0
625,2020-03-18,0.1357,0.14,0.1297,0.1361,57511093.0,89425524.0,657057487.0
626,2020-03-17,0.1263,0.14,0.1253,0.1369,58174227.0,89853154.0,656341519.0
627,2020-03-16,0.1495,0.1501,0.1182,0.1265,62118722.0,82917590.0,655475019.0
628,2020-03-15,0.1477,0.1594,0.145,0.1483,65236146.0,97127908.0,654942063.0
629,2020-03-14,0.1518,0.1665,0.145,0.1477,71534047.0,96615492.0,654133324.0
630,2020-03-13,0.141,0.173,0.1024,0.1513,96761512.0,98885120.0,653569861.0
631,2020-03-12,0.2706,0.2711,0.141,0.141,80508765.0,92053289.0,652860205.0
632,2020-03-11,0.2835,0.2885,0.2523,0.2702,75489332.0,176177515.0,652026332.0
633,2020-03-10,0.276,0.297,0.2719,0.2835,96182444.0,184648085.0,651315996.0
634,2020-03-09,0.2938,0.2982,0.253,0.2742,108111068.0,178428712.0,650724697.0
635,2020-03-08,0.3392,0.3406,0.2933,0.2933,94191412.0,190661466.0,650056140.0
636,2020-03-07,0.3744,0.382,0.3391,0.3392,93335259.0,220105448.0,648895778.0
637,2020-03-06,0.3802,0.3852,0.3657,0.374,98321454.0,242096374.0,647316508.0
638,2020-03-05,0.3932,0.4083,0.3784,0.3802,110467391.0,243850400.0,641374013.0
639,2020-03-04,0.3704,0.4097,0.368,0.3929,137438963.0,251347517.0,639723891.0
640,2020-03-03,0.3737,0.3862,0.3568,0.3705,121564194.0,236390252.0,638030369.0
641,2020-03-02,0.3199,0.3867,0.3129,0.3734,126753611.0,237611863.0,636346713.0
642,2020-03-01,0.3333,0.3455,0.3104,0.3197,95389369.0,187558530.0,586670409.0
643,2020-02-29,0.3484,0.369,0.3337,0.3341,99127697.0,195556606.0,585323573.0
644,2020-02-28,0.3748,0.384,0.3389,0.3484,115075595.0,203389225.0,583780783.0
645,2020-02-27,0.3676,0.3906,0.3424,0.3745,128242670.0,218133828.0,582466830.0
646,2020-02-26,0.394,0.4041,0.3444,0.3682,151265199.0,213879057.0,580877395.0
647,2020-02-25,0.4924,0.4929,0.3806,0.3944,173413334.0,228402534.0,579113930.0
648,2020-02-24,0.461,0.4996,0.436,0.4933,213442024.0,284495543.0,576719122.0
649,2020-02-23,0.4498,0.4654,0.4269,0.4608,128297734.0,264753522.0,574551914.0
650,2020-02-22,0.4191,0.4648,0.4149,0.4497,161184312.0,257430079.0,572448474.0
651,2020-02-21,0.436,0.4798,0.4134,0.4199,179085806.0,239729599.0,570920693.0
652,2020-02-20,0.3492,0.4477,0.3391,0.4372,196059544.0,249318635.0,570262202.0
653,2020-02-19,0.3492,0.3914,0.3382,0.3505,79241677.0,198149698.0,565334373.0
654,2020-02-18,0.3287,0.3533,0.3098,0.3489,83206321.0,196852927.0,564210166.0
655,2020-02-17,0.3429,0.3429,0.2945,0.3288,96002052.0,185307846.0,563588339.0
656,2020-02-16,0.335,0.3497,0.2992,0.3418,84144118.0,192358701.0,562781454.0
657,2020-02-15,0.3668,0.3888,0.3321,0.3344,92999232.0,187848502.0,561747912.0
658,2020-02-14,0.3485,0.3821,0.3447,0.3668,91550466.0,205772485.0,560993688.0
659,2020-02-13,0.3895,0.4035,0.3478,0.3478,99845339.0,194785181.0,560049399.0
660,2020-02-12,0.3695,0.4112,0.3654,0.3895,104098908.0,217779277.0,559125229.0
661,2020-02-11,0.3594,0.3776,0.3448,0.3692,92659982.0,206118607.0,558284417.0
662,2020-02-10,0.3413,0.3721,0.3123,0.3599,119696511.0,200568102.0,557288419.0
663,2020-02-09,0.3074,0.3473,0.3054,0.3411,98891527.0,189830393.0,556524165.0
664,2020-02-08,0.313,0.3187,0.2949,0.3075,74107627.0,170821031.0,555515547.0
665,2020-02-07,0.287,0.3205,0.2819,0.3128,77850662.0,173500032.0,554667621.0
666,2020-02-06,0.2761,0.2912,0.2733,0.2867,64810910.0,158711067.0,553578887.0
667,2020-02-05,0.2816,0.2822,0.266,0.276,65491076.0,152515911.0,552593880.0
668,2020-02-04,0.2628,0.2868,0.2597,0.2815,76448848.0,155292997.0,551662511.0
669,2020-02-03,0.2534,0.2648,0.2491,0.2629,54451797.0,144831655.0,550900171.0
670,2020-02-02,0.2493,0.2588,0.243,0.2534,45355590.0,138348586.0,545969163.0
671,2020-02-01,0.2476,0.2514,0.2445,0.2492,48277465.0,135826670.0,545050842.0
672,2020-01-31,0.2423,0.2607,0.2414,0.2481,58427020.0,135031579.0,544262712.0
673,2020-01-30,0.2413,0.2452,0.2382,0.2422,41454623.0,131578815.0,543265132.0
674,2020-01-29,0.2444,0.2448,0.2397,0.2414,45625560.0,130930676.0,542380596.0
675,2020-01-28,0.2406,0.2454,0.2395,0.2443,44353446.0,132274330.0,541442202.0
676,2020-01-27,0.2377,0.2428,0.2375,0.2404,40625478.0,129968444.0,540634126.0
677,2020-01-26,0.2349,0.2383,0.234,0.2378,39915930.0,128332186.0,539664365.0
678,2020-01-25,0.2328,0.2371,0.2302,0.235,38944441.0,126603450.0,538738085.0
679,2020-01-24,0.2349,0.2403,0.2311,0.2322,43114097.0,124830393.0,537598591.0
680,2020-01-23,0.2467,0.2472,0.2334,0.2347,40494979.0,125875173.0,536323702.0
681,2020-01-22,0.2496,0.2499,0.2441,0.2467,43873414.0,130067146.0,527227993.0
682,2020-01-21,0.2377,0.2547,0.2368,0.2494,47042882.0,131144495.0,525839995.0
683,2020-01-20,0.24,0.2422,0.2338,0.2379,40446803.0,124811868.0,524640050.0
684,2020-01-19,0.2601,0.2602,0.2351,0.24,45351952.0,125693404.0,523722516.0
685,2020-01-18,0.2625,0.2668,0.2475,0.2603,51155200.0,135886403.0,522037660.0
686,2020-01-17,0.2406,0.2667,0.2402,0.2625,52840838.0,136770747.0,521031417.0
687,2020-01-16,0.2468,0.2506,0.2326,0.2405,44406329.0,125030873.0,519878889.0
688,2020-01-15,0.2307,0.2571,0.2267,0.2466,55493957.0,127909747.0,518693215.0
689,2020-01-14,0.2283,0.236,0.2248,0.2307,39964726.0,119336027.0,517277967.0
690,2020-01-13,0.2271,0.2325,0.2254,0.2284,36991866.0,117883251.0,516126317.0
691,2020-01-12,0.2268,0.2329,0.2258,0.2273,38982886.0,117020724.0,514829406.0
692,2020-01-11,0.2262,0.2304,0.2243,0.2271,39678246.0,116630447.0,513564275.0
693,2020-01-10,0.2239,0.2295,0.2204,0.2263,37994493.0,115971158.0,512466451.0
694,2020-01-09,0.2298,0.2302,0.2226,0.2245,38074471.0,114771290.0,511230690.0
695,2020-01-08,0.2309,0.2362,0.2268,0.2299,37068981.0,117246287.0,509988199.0
696,2020-01-07,0.2421,0.2437,0.2293,0.2309,42565095.0,117024159.0,506817492.0
697,2020-01-06,0.2313,0.2443,0.2308,0.2421,43263431.0,122411838.0,505625105.0
698,2020-01-05,0.2359,0.2399,0.2309,0.2317,40157155.0,116782884.0,504026258.0
699,2020-01-04,0.2286,0.2364,0.2257,0.2364,40304265.0,118921595.0,503052432.0
700,2020-01-03,0.2143,0.23,0.214,0.2281,44675624.0,114465155.0,501820056.0
701,2020-01-02,0.2204,0.2208,0.2119,0.2135,37545058.0,106891818.0,500664252.0
702,2020-01-01,0.2175,0.2235,0.2163,0.2199,37144510.0,109842617.0,499511673.0
703,2019-12-31,0.2268,0.229,0.2155,0.2175,38809044.0,108286418.0,497868588.0
704,2019-12-30,0.2336,0.2358,0.2266,0.2267,39453426.0,112614407.0,496755213.0
705,2019-12-29,0.2337,0.2375,0.232,0.2337,40574922.0,115767666.0,495368703.0
706,2019-12-28,0.2302,0.2375,0.2295,0.2338,35448160.0,115528390.0,494133404.0
707,2019-12-27,0.239,0.239,0.2252,0.2301,41088332.0,113419172.0,492912524.0
708,2019-12-26,0.2299,0.241,0.2297,0.239,41835472.0,117046765.0,489735418.0
709,2019-12-25,0.2341,0.2344,0.2282,0.2299,40346130.0,112311604.0,488523723.0
710,2019-12-24,0.2408,0.2415,0.2336,0.2341,49696272.0,114071383.0,487276304.0
711,2019-12-23,0.2493,0.2516,0.2388,0.2408,65563690.0,117062136.0,486138438.0
712,2019-12-22,0.241,0.2537,0.2398,0.2493,72054881.0,120882927.0,484889398.0
713,2019-12-21,0.2408,0.2416,0.2325,0.241,64725918.0,116572121.0,483701746.0
714,2019-12-20,0.2312,0.2446,0.2252,0.2406,80216197.0,116108372.0,482578437.0
715,2019-12-19,0.2467,0.2475,0.229,0.2312,61037260.0,111274700.0,481291955.0
716,2019-12-18,0.2197,0.2468,0.2189,0.2458,64867877.0,117994795.0,480043917.0
717,2019-12-17,0.2453,0.2469,0.2189,0.2202,59909525.0,104558820.0,474835694.0
718,2019-12-16,0.2667,0.268,0.2451,0.2453,70448705.0,115212063.0,469678202.0
719,2019-12-15,0.256,0.2671,0.2528,0.2667,62080771.0,124937765.0,468458061.0
720,2019-12-14,0.2731,0.275,0.2528,0.2554,66643290.0,119307621.0,467140254.0
721,2019-12-13,0.2771,0.2776,0.2706,0.2737,66629627.0,127516815.0,465899945.0
722,2019-12-12,0.2859,0.2879,0.2713,0.2766,79427507.0,128553503.0,464763206.0
723,2019-12-11,0.275,0.294,0.2744,0.2849,95317194.0,132053494.0,463508227.0
724,2019-12-10,0.2972,0.2976,0.2683,0.2751,135244323.0,127196432.0,462364347.0
725,2019-12-09,0.294,0.3335,0.2925,0.2981,153444332.0,137439027.0,461050073.0
726,2019-12-08,0.2744,0.3028,0.2744,0.294,132699876.0,135208489.0,459892819.0
727,2019-12-07,0.2679,0.2781,0.2627,0.2744,110285523.0,125872611.0,458719427.0
728,2019-12-06,0.2672,0.2738,0.2589,0.2657,104939728.0,121540904.0,457436597.0
729,2019-12-05,0.2706,0.2741,0.2564,0.2663,105942315.0,121509511.0,456288062.0
730,2019-12-04,0.2832,0.2912,0.2675,0.2714,123356733.0,123516680.0,455109358.0
731,2019-12-03,0.2747,0.2905,0.2726,0.2841,123437259.0,128985520.0,454014501.0
732,2019-12-02,0.266,0.282,0.2602,0.2747,125518892.0,124417564.0,452921601.0
733,2019-12-01,0.2684,0.2722,0.2477,0.263,103782001.0,118854705.0,451919030.0
734,2019-11-30,0.281,0.2886,0.2647,0.269,124152762.0,121238013.0,450698933.0
735,2019-11-29,0.2872,0.2994,0.2731,0.2765,135836394.0,124349166.0,449725735.0
736,2019-11-28,0.2259,0.3135,0.2215,0.2877,80117874.0,129043168.0,448533778.0
737,2019-11-27,0.2168,0.2339,0.2144,0.2256,105633208.0,100957596.0,447507074.0
738,2019-11-26,0.2078,0.2229,0.2047,0.2216,97895155.0,98923061.0,446403704.0
739,2019-11-25,0.2118,0.2138,0.1907,0.2079,94920511.0,92563713.0,445231904.0
740,2019-11-24,0.2267,0.2291,0.2076,0.2118,94349402.0,94062756.0,444111218.0
741,2019-11-23,0.2203,0.2291,0.211,0.2271,102274919.0,100639939.0,443152527.0
742,2019-11-22,0.2413,0.2493,0.2066,0.2204,108075233.0,97393302.0,441893384.0
743,2019-11-21,0.2498,0.2555,0.2334,0.2413,103547880.0,106385377.0,440884280.0
744,2019-11-20,0.2468,0.2534,0.2399,0.2498,104577457.0,109853317.0,439765080.0
745,2019-11-19,0.2577,0.2621,0.2375,0.2468,105684882.0,108283961.0,438751867.0
746,2019-11-18,0.2717,0.2777,0.2522,0.256,109620690.0,112012678.0,437549523.0
747,2019-11-17,0.2701,0.2791,0.2687,0.2716,107838849.0,118562587.0,436533825.0
748,2019-11-16,0.2714,0.2776,0.2658,0.2701,110695338.0,117597226.0,435384028.0
749,2019-11-15,0.2815,0.2857,0.2656,0.2709,117140025.0,117629256.0,434216522.0
750,2019-11-14,0.2904,0.2934,0.2798,0.2815,119857507.0,121929294.0,433141364.0
751,2019-11-13,0.2727,0.2973,0.2713,0.2869,110070634.0,123947162.0,432022174.0
752,2019-11-12,0.2807,0.2846,0.2635,0.2736,118822818.0,117887401.0,430875003.0
753,2019-11-11,0.2698,0.2862,0.2589,0.2799,125805632.0,120304112.0,429811046.0
754,2019-11-10,0.2595,0.2727,0.2574,0.2698,114838063.0,115679691.0,428760900.0
755,2019-11-09,0.2565,0.2621,0.2527,0.2591,109359112.0,110820386.0,427712798.0
756,2019-11-08,0.2726,0.278,0.2488,0.2565,119448562.0,109463807.0,426759481.0
757,2019-11-07,0.2877,0.2883,0.267,0.2725,122412579.0,116028669.0,425793280.0
758,2019-11-06,0.2884,0.3031,0.283,0.2878,135433269.0,122279590.0,424876963.0
759,2019-11-05,0.2588,0.2944,0.2483,0.2887,135073487.0,125238929.0,433803010.0
760,2019-11-04,0.2666,0.2703,0.2561,0.2588,122831728.0,112029027.0,432878775.0
761,2019-11-03,0.2611,0.2696,0.2457,0.2669,123088158.0,115286750.0,431947358.0
762,2019-11-02,0.2598,0.2794,0.2553,0.2606,139835316.0,112281492.0,430857605.0
763,2019-11-01,0.2225,0.2656,0.2184,0.262,129875635.0,112650787.0,429964835.0
764,2019-10-31,0.2162,0.223,0.21,0.2221,103217930.0,95287595.0,429030144.0
765,2019-10-30,0.2324,0.233,0.2075,0.2156,48416058.0,92260854.0,427926038.0
766,2019-10-29,0.2327,0.2364,0.2247,0.232,110758098.0,99055823.0,426964754.0
767,2019-10-28,0.2186,0.2395,0.2174,0.2327,111314851.0,99156916.0,426114808.0
768,2019-10-27,0.2161,0.2323,0.2089,0.2187,108681817.0,92970036.0,425103045.0
769,2019-10-26,0.2136,0.2361,0.2112,0.2161,106291033.0,91630191.0,424017542.0
770,2019-10-25,0.2039,0.218,0.2013,0.2131,94789175.0,90165573.0,423113904.0
771,2019-10-24,0.2035,0.2092,0.2013,0.2039,79044876.0,86076334.0,422149749.0
772,2019-10-23,0.2234,0.2266,0.2001,0.2021,42468690.0,85110286.0,421129569.0
773,2019-10-22,0.2281,0.2302,0.2212,0.2244,100693564.0,94278898.0,420137691.0
774,2019-10-21,0.2253,0.2312,0.2236,0.2296,101976201.0,96238983.0,419159333.0
775,2019-10-20,0.2248,0.227,0.214,0.224,103428939.0,93669524.0,418167517.0
776,2019-10-19,0.2261,0.23,0.2237,0.2248,101559487.0,93807974.0,417295258.0
777,2019-10-18,0.2394,0.241,0.2203,0.2272,103673526.0,94570954.0,416245396.0
778,2019-10-17,0.2306,0.2404,0.2287,0.2394,102887739.0,99428569.0,415324014.0
779,2019-10-16,0.2486,0.2494,0.2267,0.2287,101398604.0,94743597.0,414270209.0
780,2019-10-15,0.2676,0.2738,0.247,0.2486,93405592.0,102746234.0,413299412.0
781,2019-10-14,0.2515,0.2686,0.2478,0.2679,58972242.0,110492601.0,412439720.0
782,2019-10-13,0.2584,0.269,0.2477,0.2515,63666806.0,103541714.0,411696675.0
783,2019-10-12,0.2552,0.2621,0.2464,0.258,63681446.0,105980992.0,410779038.0
784,2019-10-11,0.2542,0.277,0.2539,0.2552,72716614.0,104615305.0,409934580.0
785,2019-10-10,0.2404,0.2677,0.2325,0.2555,71847676.0,104495602.0,408984743.0
786,2019-10-09,0.2336,0.2436,0.2284,0.2402,59881851.0,98058994.0,408238942.0
787,2019-10-08,0.2197,0.2337,0.216,0.2337,52663244.0,95184136.0,407291981.0
788,2019-10-07,0.2148,0.2252,0.2088,0.2198,49251945.0,89352487.0,406517229.0
789,2019-10-06,0.2236,0.227,0.2132,0.2152,41375227.0,87285774.0,405603039.0
790,2019-10-05,0.2305,0.2348,0.2203,0.2245,36662393.0,90875277.0,404789652.0
791,2019-10-04,0.2307,0.2365,0.2249,0.2305,39072129.0,93092509.0,403872056.0
792,2019-10-03,0.2326,0.241,0.2236,0.2305,39746753.0,92890499.0,402995657.0
793,2019-10-02,0.2344,0.2424,0.2223,0.2335,46753237.0,93906947.0,402171079.0
794,2019-10-01,0.2511,0.2665,0.2296,0.2344,54047913.0,94069519.0,401320473.0
795,2019-09-30,0.2268,0.2577,0.2159,0.2497,57957634.0,99961018.0,400324461.0
796,2019-09-29,0.2044,0.2427,0.1986,0.2268,63293757.0,89893956.0,396357830.0
797,2019-09-28,0.1911,0.2088,0.189,0.2041,35505764.0,80062987.0,392273331.0
798,2019-09-27,0.1905,0.1981,0.1788,0.1915,41059414.0,74327594.0,388133650.0
799,2019-09-26,0.2039,0.205,0.1716,0.1904,49563434.0,73731009.0,387242694.0
800,2019-09-25,0.1945,0.2154,0.1938,0.2049,38941160.0,78533112.0,383275314.0
801,2019-09-24,0.2695,0.2833,0.189,0.1935,50165388.0,72758987.0,376015436.0
802,2019-09-23,0.3018,0.3019,0.2676,0.2676,45784300.0,99497007.0,371812432.0
803,2019-09-22,0.3177,0.3233,0.2972,0.3011,49507356.0,110742894.0,367794400.0
804,2019-09-21,0.321,0.327,0.3142,0.3172,48926758.0,115357930.0,363675693.0
805,2019-09-20,0.3231,0.3304,0.3154,0.3213,40369809.0,115575260.0,359711360.0
806,2019-09-19,0.3366,0.3392,0.313,0.3224,43456013.0,114651256.0,355618039.0
807,2019-09-18,0.3213,0.3545,0.3167,0.3391,63274107.0,119244328.0,351649448.0
808,2019-09-17,0.3213,0.3335,0.3118,0.322,51995583.0,111982459.0,347771611.0
809,2019-09-16,0.3301,0.3394,0.3155,0.3219,45960043.0,110671026.0,343805610.0
810,2019-09-15,0.3222,0.3414,0.3191,0.3301,52252159.0,112162618.0,339783756.0
811,2019-09-14,0.3192,0.3264,0.3111,0.3218,45639521.0,109113411.0,339072128.0
812,2019-09-13,0.3189,0.3453,0.3126,0.3184,48225662.0,106695099.0,335097672.0
813,2019-09-12,0.349,0.3516,0.3085,0.3196,51789980.0,105820939.0,331104314.0
814,2019-09-11,0.3655,0.3727,0.3446,0.3502,50886261.0,114559241.0,327125188.0
815,2019-09-10,0.3688,0.3959,0.3628,0.3662,54766675.0,117141749.0,319884623.0
816,2019-09-09,0.3851,0.392,0.3536,0.3686,54595091.0,117639687.0,319152704.0
817,2019-09-08,0.3713,0.3857,0.3568,0.3851,51110858.0,120097668.0,311860991.0
818,2019-09-07,0.3469,0.3889,0.3413,0.3713,60388970.0,114319563.0,307890016.0
819,2019-09-06,0.3896,0.4202,0.3435,0.3473,67226621.0,105550644.0,303917777.0
820,2019-09-05,0.3503,0.3954,0.3392,0.3896,60530608.0,116868767.0,299971167.0
821,2019-09-04,0.3694,0.3714,0.3459,0.3498,45132597.0,104650637.0,299172775.0
822,2019-09-03,0.3934,0.4047,0.3669,0.3705,57922334.0,109365530.0,295183616.0
823,2019-09-02,0.3933,0.3939,0.3742,0.392,56533885.0,114158375.0,291220344.0
824,2019-09-01,0.4142,0.4207,0.3817,0.392,52338685.0,112597172.0,287237683.0
825,2019-08-31,0.4194,0.4333,0.3997,0.4124,32449740.0,115451636.0,279950620.0
826,2019-08-30,0.4015,0.4308,0.3992,0.4235,60601525.0,118252980.0,279227815.0
827,2019-08-29,0.4387,0.4447,0.3948,0.4015,39371673.0,110493169.0,275200919.0
828,2019-08-28,0.5211,0.5376,0.4327,0.4328,58911636.0,117378022.0,271206150.0
829,2019-08-27,0.5209,0.5491,0.5108,0.5208,47432939.0,139171936.0,267227219.0
830,2019-08-26,0.5449,0.5584,0.5207,0.5212,47745079.0,137187143.0,263214011.0
831,2019-08-25,0.5772,0.5877,0.5347,0.5442,42184816.0,141062999.0,259211685.0
832,2019-08-24,0.5604,0.5773,0.5492,0.5772,59964968.0,145519920.0,252113513.0
833,2019-08-23,0.5731,0.5819,0.5513,0.561,52556814.0,141076400.0,251473083.0
834,2019-08-22,0.5676,0.5874,0.5307,0.5731,57806938.0,141878476.0,247563210.0
835,2019-08-21,0.6277,0.6304,0.5589,0.5671,65334103.0,138208268.0,243710576.0
836,2019-08-20,0.6603,0.6603,0.608,0.6256,64980440.0,150020445.0,239802501.0
837,2019-08-19,0.6761,0.6824,0.6556,0.661,61643720.0,153794908.0,232670057.0
838,2019-08-18,0.6837,0.6977,0.6668,0.6779,55153057.0,155112633.0,228813442.0
839,2019-08-17,0.6829,0.7124,0.675,0.6842,57380881.0,153913123.0,224953409.0
840,2019-08-16,0.7079,0.7322,0.6799,0.682,62691881.0,150771749.0,221072945.0
841,2019-08-15,0.715,0.7737,0.6638,0.7093,75226005.0,156363436.0,220447534.0
842,2019-08-14,0.8026,0.8473,0.715,0.715,74788787.0,0.0,0.0
843,2019-08-13,0.8025,0.8362,0.7841,0.8028,66235494.0,0.0,0.0
844,2019-08-12,0.8221,0.8227,0.7739,0.8027,68002927.0,0.0,0.0
845,2019-08-11,0.8163,0.8779,0.8156,0.823,84979681.0,0.0,0.0
846,2019-08-10,0.8043,0.8585,0.7646,0.8169,98322273.0,0.0,0.0
847,2019-08-09,0.7274,0.814,0.7005,0.8043,109884210.0,0.0,0.0
848,2019-08-08,0.6923,0.7712,0.6606,0.7268,87885109.0,0.0,0.0
849,2019-08-07,0.7007,0.7221,0.6845,0.6923,69558222.0,0.0,0.0
850,2019-08-06,0.7932,0.801,0.6931,0.7034,83242834.0,0.0,0.0
851,2019-08-05,0.7073,0.8035,0.6805,0.7941,100663102.0,0.0,0.0
852,2019-08-04,0.7458,0.7639,0.6973,0.7064,73139185.0,0.0,0.0
853,2019-08-03,0.8025,0.8576,0.7441,0.7455,107927951.0,0.0,0.0
854,2019-08-02,0.5581,0.8829,0.5579,0.8016,284046277.0,0.0,0.0
855,2019-08-01,0.5681,0.5689,0.5141,0.5577,50093763.0,0.0,0.0
856,2019-07-31,0.5691,0.5771,0.5635,0.5671,60419029.0,0.0,0.0
857,2019-07-30,0.573,0.5862,0.5608,0.5686,62095437.0,0.0,0.0
858,2019-07-29,0.5755,0.5898,0.5595,0.5728,61012725.0,0.0,0.0
859,2019-07-28,0.5804,0.5958,0.5602,0.5749,54003797.0,0.0,0.0
860,2019-07-27,0.6554,0.6666,0.579,0.5804,64830897.0,0.0,0.0
861,2019-07-26,0.61,0.7084,0.5957,0.6561,89508445.0,0.0,0.0
862,2019-07-25,0.6049,0.6119,0.587,0.6097,55944618.0,0.0,0.0
863,2019-07-24,0.581,0.6108,0.5572,0.6049,77190533.0,0.0,0.0
864,2019-07-23,0.6411,0.643,0.5722,0.581,78080034.0,0.0,0.0
865,2019-07-22,0.6956,0.701,0.6352,0.6413,77239612.0,0.0,0.0
866,2019-07-21,0.7107,0.7133,0.662,0.6954,104231794.0,0.0,0.0
867,2019-07-20,0.6725,0.7492,0.6647,0.7107,112340171.0,0.0,0.0
868,2019-07-19,0.6959,0.6959,0.6529,0.672,91624752.0,0.0,0.0
869,2019-07-18,0.6746,0.7026,0.6473,0.6959,99086040.0,0.0,0.0
870,2019-07-17,0.6429,0.7354,0.6126,0.6732,109865275.0,0.0,0.0
871,2019-07-16,0.808,0.8168,0.632,0.6446,90581456.0,0.0,0.0
872,2019-07-15,0.8238,0.8417,0.7452,0.8085,117943656.0,0.0,0.0
873,2019-07-14,0.9346,1.02,0.824,0.824,119707605.0,0.0,0.0
874,2019-07-13,0.8917,1.02,0.8755,0.9362,132744655.0,0.0,0.0
875,2019-07-12,0.8556,0.9406,0.8034,0.8905,140797532.0,0.0,0.0
876,2019-07-11,1.03,1.04,0.8412,0.8618,153148499.0,0.0,0.0
877,2019-07-10,1.04,1.08,0.9511,1.03,146338478.0,0.0,0.0
878,2019-07-09,1.05,1.08,1.02,1.05,94263135.0,0.0,0.0
879,2019-07-08,1.07,1.07,1.03,1.05,43616506.0,0.0,0.0
880,2019-07-07,1.03,1.1,1.03,1.07,51623447.0,0.0,0.0
881,2019-07-06,1.13,1.13,1.02,1.03,64939220.0,0.0,0.0
882,2019-07-05,1.01,1.17,0.9863,1.13,103703180.0,0.0,0.0
883,2019-07-04,1.11,1.14,0.9884,1.01,96454283.0,0.0,0.0
884,2019-07-03,1.14,1.19,1.08,1.12,112712391.0,0.0,0.0
885,2019-07-02,1.34,1.35,1.04,1.14,128459505.0,0.0,0.0
886,2019-07-01,1.43,1.46,1.25,1.35,114335020.0,0.0,0.0
887,2019-06-30,1.5,1.58,1.38,1.43,119391276.0,0.0,0.0
888,2019-06-29,1.45,1.51,1.4,1.5,109982117.0,0.0,0.0
889,2019-06-28,1.39,1.56,1.36,1.45,121576369.0,0.0,0.0
890,2019-06-27,1.58,1.59,1.34,1.39,117242289.0,0.0,0.0
891,2019-06-26,1.54,1.84,1.49,1.58,169915841.0,0.0,0.0
892,2019-06-25,1.37,1.83,1.31,1.54,277665414.0,0.0,0.0
893,2019-06-24,1.89,1.98,1.3,1.38,184117575.0,0.0,0.0
894,2019-06-23,2.16,2.2,1.78,1.89,177290665.0,0.0,0.0
895,2019-06-22,3.15,3.16,1.88,2.16,223603358.0,0.0,0.0
896,2019-06-21,3.28,3.28,2.39,3.2,133488812.0,0.0,0.0
